{"type":"footer","name":"t:names.footer","sections":{"footer":{"type":"footer","blocks":{"group_bA6rnT":{"type":"group","name":"t:names.group","settings":{"link":"","open_in_new_tab":false,"content_direction":"row","vertical_on_mobile":true,"horizontal_alignment":"flex-start","vertical_alignment":"flex-start","align_baseline":false,"horizontal_alignment_flex_direction_column":"flex-start","vertical_alignment_flex_direction_column":"center","gap":54,"width":"fill","custom_width":100,"width_mobile":"fill","custom_width_mobile":100,"height":"fit","custom_height":100,"inherit_color_scheme":true,"color_scheme":"","background_media":"none","video_position":"cover","background_image_position":"cover","border":"none","border_width":1,"border_opacity":100,"border_radius":0,"placeholder":"","toggle_overlay":false,"overlay_color":"#00000026","overlay_style":"solid","gradient_direction":"to top","padding-block-start":0,"padding-block-end":0,"padding-inline-start":0,"padding-inline-end":0},"blocks":{"menu_bHXMX6":{"type":"menu","name":"t:names.menu","settings":{"menu":"footer","heading":"Quick Links","menu_spacing":17,"show_as_accordion":false,"accordion_icon":"caret","accordion_dividers":false,"inherit_color_scheme":true,"color_scheme":"","heading_preset":"h5","link_preset":"paragraph","padding-block-start":0,"padding-block-end":0,"padding-inline-start":44,"padding-inline-end":0},"blocks":{}},"menu_nixB49":{"type":"menu","name":"t:names.menu","settings":{"menu":"home-furnishing","heading":"Home  Furnishing","menu_spacing":17,"show_as_accordion":false,"accordion_icon":"caret","accordion_dividers":false,"inherit_color_scheme":true,"color_scheme":"","heading_preset":"h5","link_preset":"paragraph","padding-block-start":0,"padding-block-end":0,"padding-inline-start":0,"padding-inline-end":0},"blocks":{}},"menu_trMK9a":{"type":"menu","name":"t:names.menu","settings":{"menu":"moms-care","heading":"Mom's Care","menu_spacing":17,"show_as_accordion":false,"accordion_icon":"caret","accordion_dividers":false,"inherit_color_scheme":true,"color_scheme":"","heading_preset":"h5","link_preset":"paragraph","padding-block-start":0,"padding-block-end":0,"padding-inline-start":18,"padding-inline-end":0},"blocks":{}},"menu_jaPdWp":{"type":"menu","name":"t:names.menu","settings":{"menu":"baby-care","heading":"Baby Care","menu_spacing":17,"show_as_accordion":false,"accordion_icon":"caret","accordion_dividers":false,"inherit_color_scheme":true,"color_scheme":"","heading_preset":"h5","link_preset":"paragraph","padding-block-start":0,"padding-block-end":0,"padding-inline-start":0,"padding-inline-end":0},"blocks":{}},"menu_3mqLy7":{"type":"menu","name":"t:names.menu","settings":{"menu":"policy-links","heading":"Policy links","menu_spacing":17,"show_as_accordion":false,"accordion_icon":"caret","accordion_dividers":false,"inherit_color_scheme":true,"color_scheme":"","heading_preset":"h5","link_preset":"paragraph","padding-block-start":0,"padding-block-end":0,"padding-inline-start":0,"padding-inline-end":0},"blocks":{}}},"block_order":["menu_bHXMX6","menu_nixB49","menu_trMK9a","menu_jaPdWp","menu_3mqLy7"]},"footer_utilities_zVWazC":{"type":"footer-utilities","name":"t:names.footer_utilities","settings":{"divider_thickness":1,"padding-block-start":12,"padding-block-end":0},"blocks":{"copyright":{"type":"_footer-copyright","static":true,"settings":{"show_powered_by":false,"font_size":"0.75rem","case":"none"},"blocks":{}},"policy_list":{"type":"_footer-policy-list","disabled":true,"static":true,"settings":{"font_size":"0.75rem","case":"none"},"blocks":{}},"social_icons":{"type":"_footer-social-icons","static":true,"settings":{},"blocks":{"social_link_gB9Jj7":{"type":"_social-link","name":"Facebook","settings":{"link":"https:\/\/www.facebook.com\/profile.php?id=61571949032661"},"blocks":{}},"social_link_MkYhVa":{"type":"_social-link","name":"Instagram","settings":{"link":"https:\/\/www.instagram.com\/vesa_homes\/"},"blocks":{}},"social_link_DFWGmQ":{"type":"_social-link","name":"TikTok","disabled":true,"settings":{"link":"https:\/\/tiktok.com\/"},"blocks":{}},"social_link_9eWHLy":{"type":"_social-link","name":"X \/ Twitter","disabled":true,"settings":{"link":"https:\/\/x.com\/"},"blocks":{}},"social_link_r9Bcfb":{"type":"_social-link","name":"Youtube","disabled":true,"settings":{"link":"https:\/\/www.youtube.com\/"},"blocks":{}}},"block_order":["social_link_gB9Jj7","social_link_MkYhVa","social_link_DFWGmQ","social_link_9eWHLy","social_link_r9Bcfb"]}},"block_order":[]}},"block_order":["group_bA6rnT","footer_utilities_zVWazC"],"name":"t:names.footer","settings":{"content_direction":"column","vertical_on_mobile":true,"horizontal_alignment":"center","vertical_alignment":"center","align_baseline":false,"horizontal_alignment_flex_direction_column":"center","vertical_alignment_flex_direction_column":"flex-start","gap":64,"section_width":"page-width","section_height":"","color_scheme":"scheme-4","background_media":"none","video_position":"cover","background_image_position":"cover","padding-block-start":52,"padding-block-end":13}}},"order":["footer"]}