{"type":"aside","name":"Global","sections":{"smi_styles_B3cJyJ":{"type":"smi-styles","blocks":{"color_R48bfD":{"type":"color","settings":{"background_color1":"#ffffff","background_gradient_color1":"","text_color1":"#000000","subtext_color1":"#000000","solid_background_button_color1":"#000000","solid_button_label_color1":"#ffffff","outline_button_color1":"#000000","shadow_color1":"#000000","background_color2":"#fcf8f5","background_gradient_color2":"","text_color2":"#000000","subtext_color2":"#000000","solid_background_button_color2":"#000000","solid_button_label_color2":"#fcf8f5","outline_button_color2":"#000000","shadow_color2":"#000000","background_color3":"#282828","background_gradient_color3":"","text_color3":"#ffffff","subtext_color3":"#ffffff","solid_background_button_color3":"#ffffff","solid_button_label_color3":"#282828","outline_button_color3":"#ffffff","shadow_color3":"#ffffff","background_color4":"#63513f","background_gradient_color4":"","text_color4":"#ffffff","subtext_color4":"#ffffff","solid_background_button_color4":"#ffffff","solid_button_label_color4":"#63513f","outline_button_color4":"#ffffff","shadow_color4":"#ffffff","background_color5":"#5b3f2c","background_gradient_color5":"","text_color5":"#ffffff","subtext_color5":"#ffffff","solid_background_button_color5":"#ffffff","solid_button_label_color5":"#5b3f2c","outline_button_color5":"#ffffff","shadow_color5":"#ffffff","background_color6":"#ffffff","background_gradient_color6":"","text_color6":"#000000","subtext_color6":"#000000","solid_background_button_color6":"#000000","solid_button_label_color6":"#ffffff","outline_button_color6":"#000000","shadow_color6":"#000000","background_color7":"#ffffff","background_gradient_color7":"","text_color7":"#000000","subtext_color7":"#000000","solid_background_button_color7":"#000000","solid_button_label_color7":"#ffffff","outline_button_color7":"#000000","shadow_color7":"#000000","background_color8":"#ffffff","background_gradient_color8":"","text_color8":"#000000","subtext_color8":"#000000","solid_background_button_color8":"#000000","solid_button_label_color8":"#ffffff","outline_button_color8":"#000000","shadow_color8":"#000000","background_color9":"#ffffff","background_gradient_color9":"","text_color9":"#000000","subtext_color9":"#000000","solid_background_button_color9":"#000000","solid_button_label_color9":"#ffffff","outline_button_color9":"#000000","shadow_color9":"#000000","background_color10":"#ffffff","background_gradient_color10":"","text_color10":"#000000","subtext_color10":"#000000","solid_background_button_color10":"#000000","solid_button_label_color10":"#ffffff","outline_button_color10":"#000000","shadow_color10":"#000000"}},"typography_YE4WUi":{"type":"typography","settings":{"overwrite_font":false,"type_header_font":"cardo_n4","heading_scale":100,"heading_line_height_scale":100,"heading_letter_spacing_scale":0.4,"heading_text_case":"original","type_body_font":"neue_haas_unica_n4","body_scale":100,"body_line_height_scale":100,"body_letter_spacing_scale":0.3,"button_font":"body","button_text_case":"uppercase","price_font":"body","menu_font":"body","subheading_font":"body"}},"typography_advance_nzkVx8":{"type":"typography_advance","settings":{"fontsize_h1":44,"fontsize_h2":34,"fontsize_h3":26,"fontsize_h4":20,"fontsize_h5":16,"fontsize_h6":14,"fontsize_xs_h1":40,"fontsize_xs_h2":30,"fontsize_xs_h3":22,"fontsize_xs_h4":20,"fontsize_xs_h5":16,"fontsize_xs_h6":14,"fontsize_button":14,"button_letter_spacing_scale":0.7,"fontweight_button":"500","fontsize_subheading":14,"subheading_letter_spacing_scale":0,"fontweight_subheading":"400","fontsize_badge":14,"badge_letter_spacing_scale":0,"fontweight_badge":"400","fontsize_menu":14,"menu_letter_spacing_scale":0.8,"fontweight_menu":"500","fontsize_price_xl":24,"fontsize_price_lg":18,"fontsize_price_md":16,"price_letter_spacing_scale":0,"fontweight_price":"400"}},"layout_pkDNWD":{"type":"layout","settings":{"page_width":1200,"spacing_sections":0,"spacing_elements":100,"spacing_elements_mobile":100,"spacing_grid_horizontal":30,"spacing_grid_vertical":30}},"buttons_PxjB4Y":{"type":"buttons","settings":{"buttons_scale":119,"buttons_border_thickness":1,"buttons_border_opacity":80,"buttons_radius":0,"buttons_shadow":"0,0,0","buttons_shadow_opacity":55}},"variants_iCzb7r":{"type":"variants","settings":{"variant_pills_border_thickness":1,"variant_pills_radius":0,"variant_pills_shadow":"0,0,0","variant_pills_shadow_opacity":20}},"inputs_ENctJV":{"type":"inputs","settings":{"inputs_border_thickness":1,"inputs_border_opacity":55,"inputs_radius":0,"inputs_shadow":"0,0,0","inputs_shadow_opacity":20}},"icons_c4reyf":{"type":"icons","settings":{"icon_thickness":1.5,"icon_scale":100}},"product_cards_gDKFbL":{"type":"product_cards","settings":{"card_image_padding":0,"card_border_thickness":0,"card_border_opacity":55,"card_corner_radius":0,"card_shadow":"0,0,0","card_shadow_opacity":20}},"product_badges_TaRAjF":{"type":"product_badges","settings":{"badge_corner_radius":40,"sale_badge_background_color":"#d01717","sale_badge_text_color":"#ffffff","sold_out_badge_background_color":"#8c8c8c","sold_out_badge_text_color":"#ffffff"}},"blog_cards_6FTqQe":{"type":"blog_cards","settings":{"blog_card_image_padding":0,"blog_card_border_thickness":0,"blog_card_border_opacity":55,"blog_card_corner_radius":0,"blog_card_shadow":"0,0,0","blog_card_shadow_opacity":20}},"content_containers_iB7NaR":{"type":"content_containers","settings":{"text_boxes_border_thickness":0,"text_boxes_border_opacity":55,"text_boxes_radius":0,"text_boxes_shadow":"0,0,0","text_boxes_shadow_opacity":20}},"media_83DwUK":{"type":"media","settings":{"media_border_thickness":0,"media_border_opacity":55,"media_radius":0,"media_shadow":"0,0,0","media_shadow_opacity":20}},"dropdown_popup_drawer_cPPgQ7":{"type":"dropdown_popup_drawer","settings":{"popup_border_thickness":1,"popup_border_opacity":10,"popup_corner_radius":0,"popup_shadow":"0,0,0","popup_shadow_opacity":20}}},"block_order":["color_R48bfD","typography_YE4WUi","typography_advance_nzkVx8","layout_pkDNWD","buttons_PxjB4Y","variants_iCzb7r","inputs_ENctJV","icons_c4reyf","product_cards_gDKFbL","product_badges_TaRAjF","blog_cards_6FTqQe","content_containers_iB7NaR","media_83DwUK","dropdown_popup_drawer_cPPgQ7"],"settings":{}}},"order":["smi_styles_B3cJyJ"]}