{"sections":{"main":{"type":"product-information","blocks":{"media-gallery":{"type":"_product-media-gallery","static":true,"settings":{"media_presentation":"carousel","media_columns":"two","image_gap":1,"large_first_image":false,"icons_style":"arrows","slideshow_controls_style":"thumbnails","slideshow_mobile_controls_style":"dots","thumbnail_position":"left","thumbnail_width":48,"aspect_ratio":"1","constrain_to_viewport":true,"media_fit":"cover","media_radius":0,"extend_media":false,"zoom":true,"video_loop":true,"hide_variants":false,"padding-block-start":0,"padding-block-end":0,"padding-inline-start":0,"padding-inline-end":0},"blocks":{}},"product-details":{"type":"_product-details","static":true,"settings":{"width":"fill","custom_width":75,"width_mobile":"fill","custom_width_mobile":100,"height":"fit","details_position":"flex-start","gap":20,"sticky_details_desktop":true,"inherit_color_scheme":true,"color_scheme":"","background_media":"none","video_position":"cover","background_image_position":"cover","border":"none","border_width":1,"border_opacity":100,"border_radius":0,"padding-block-start":18,"padding-block-end":48,"padding-inline-start":0,"padding-inline-end":0},"blocks":{"group_JtXipy":{"type":"group","name":"t:names.group","settings":{"link":"","open_in_new_tab":false,"content_direction":"column","vertical_on_mobile":true,"horizontal_alignment":"flex-start","vertical_alignment":"center","align_baseline":false,"horizontal_alignment_flex_direction_column":"flex-start","vertical_alignment_flex_direction_column":"center","gap":28,"width":"fill","custom_width":65,"width_mobile":"fill","custom_width_mobile":100,"height":"fit","custom_height":100,"inherit_color_scheme":true,"color_scheme":"","background_media":"none","video_position":"cover","background_image_position":"cover","border":"none","border_width":1,"border_opacity":100,"border_radius":0,"placeholder":"","toggle_overlay":false,"overlay_color":"#00000026","overlay_style":"solid","gradient_direction":"to top","padding-block-start":40,"padding-block-end":0,"padding-inline-start":0,"padding-inline-end":0},"blocks":{"group_xr9GGL":{"type":"group","name":"Header","settings":{"link":"","open_in_new_tab":false,"content_direction":"column","vertical_on_mobile":true,"horizontal_alignment":"flex-start","vertical_alignment":"flex-start","align_baseline":false,"horizontal_alignment_flex_direction_column":"flex-start","vertical_alignment_flex_direction_column":"center","gap":8,"width":"fill","custom_width":100,"width_mobile":"fill","custom_width_mobile":100,"height":"fit","custom_height":100,"inherit_color_scheme":true,"color_scheme":"","background_media":"none","video_position":"cover","background_image_position":"cover","border":"none","border_width":1,"border_opacity":100,"border_radius":0,"placeholder":"","toggle_overlay":false,"overlay_color":"#00000026","overlay_style":"solid","gradient_direction":"to top","padding-block-start":0,"padding-block-end":0,"padding-inline-start":0,"padding-inline-end":0},"blocks":{"product_title_AcTWLq":{"type":"product-title","name":"t:names.title","settings":{"width":"fit-content","max_width":"normal","alignment":"left","type_preset":"h2","font":"var(--font-body--family)","font_size":"1rem","line_height":"normal","letter_spacing":"normal","case":"none","wrap":"pretty","color":"var(--color-foreground)","background":false,"background_color":"#00000026","corner_radius":0,"padding-block-start":0,"padding-block-end":0,"padding-inline-start":0,"padding-inline-end":0},"blocks":{}},"group_K8TE9x":{"type":"group","name":"Price & Rating","settings":{"link":"","open_in_new_tab":false,"content_direction":"row","vertical_on_mobile":true,"horizontal_alignment":"flex-start","vertical_alignment":"flex-start","align_baseline":false,"horizontal_alignment_flex_direction_column":"flex-start","vertical_alignment_flex_direction_column":"center","gap":24,"width":"fill","custom_width":100,"width_mobile":"fill","custom_width_mobile":100,"height":"fit","custom_height":100,"inherit_color_scheme":true,"color_scheme":"","background_media":"none","video_position":"cover","background_image_position":"cover","border":"none","border_width":1,"border_opacity":100,"border_radius":0,"placeholder":"","toggle_overlay":false,"overlay_color":"#00000026","overlay_style":"solid","gradient_direction":"to top","padding-block-start":0,"padding-block-end":0,"padding-inline-start":0,"padding-inline-end":0},"blocks":{"price_WRfkDh":{"type":"price","settings":{"show_sale_price_first":false,"show_installments":true,"show_tax_info":true,"type_preset":"h4","width":"100%","alignment":"left","font":"var(--font-body--family)","font_size":"1rem","line_height":"normal","letter_spacing":"normal","case":"none","color":"var(--color-foreground)","padding-block-start":4,"padding-block-end":0,"padding-inline-start":0,"padding-inline-end":0},"blocks":{}},"text_iTampG":{"type":"text","name":"t:names.text","disabled":true,"settings":{"text":"<p>Shipping calculated at checkout.<\/p>","width":"100%","max_width":"normal","alignment":"left","type_preset":"rte","font":"var(--font-body--family)","font_size":"1rem","line_height":"normal","letter_spacing":"normal","case":"none","wrap":"pretty","color":"var(--color-foreground)","background":false,"background_color":"#00000026","corner_radius":0,"padding-block-start":0,"padding-block-end":0,"padding-inline-start":0,"padding-inline-end":0},"blocks":{}},"review_m3RVcq":{"type":"review","settings":{"stars_style":"shaded","show_number":true,"rating_color":"primary","type_preset":"paragraph","alignment":"left"},"blocks":{}}},"block_order":["price_WRfkDh","text_iTampG","review_m3RVcq"]}},"block_order":["product_title_AcTWLq","group_K8TE9x"]},"divider_grFKCP":{"type":"_divider","name":"t:names.divider","settings":{"thickness":1,"corner_radius":"square","width_percent":100,"padding-block-start":0,"padding-block-end":0},"blocks":{}},"product_description_8gHdXj":{"type":"product-description","name":"Product description","settings":{"text":"<p>{{ closest.product.description }}<\/p>","width":"100%","max_width":"normal","alignment":"left","type_preset":"paragraph","font":"var(--font-primary--family)","font_size":"","line_height":"normal","letter_spacing":"normal","case":"none","wrap":"pretty","color":"","background":false,"background_color":"#00000026","corner_radius":0,"padding-block-start":0,"padding-block-end":0,"padding-inline-start":0,"padding-inline-end":0},"blocks":{}},"variant_picker_nhbWcG":{"type":"variant-picker","settings":{"variant_style":"buttons","show_swatches":true,"alignment":"left","padding-block-start":0,"padding-block-end":0,"padding-inline-start":0,"padding-inline-end":0},"blocks":{}},"buy_buttons_B7HMzq":{"type":"buy-buttons","settings":{"stacking":false,"show_pickup_availability":false,"gift_card_form":true,"padding-block-start":0,"padding-block-end":0,"padding-inline-start":0,"padding-inline-end":0},"blocks":{"quantity":{"type":"quantity","static":true,"settings":{},"blocks":{}},"add-to-cart":{"type":"add-to-cart","static":true,"settings":{"style_class":"button"},"blocks":{}},"accelerated-checkout":{"type":"accelerated-checkout","static":true,"settings":{},"blocks":{}}},"block_order":[]},"accordion_jjaG39":{"type":"accordion","name":"t:names.accordion","settings":{"icon":"plus","dividers":true,"type_preset":"h5","inherit_color_scheme":true,"color_scheme":"","border":"none","border_width":1,"border_opacity":100,"border_radius":0,"padding-block-start":0,"padding-block-end":0,"padding-inline-start":0,"padding-inline-end":0},"blocks":{"accordion_row_xktep7":{"type":"_accordion-row","settings":{"heading":"details","open_by_default":false,"icon":"none","width":20},"blocks":{"text_6rQYtf":{"type":"text","settings":{"text":"<p><\/p>{{ closest.product.description }}","width":"100%","max_width":"normal","alignment":"left","type_preset":"rte","font":"var(--font-body--family)","font_size":"1rem","line_height":"normal","letter_spacing":"normal","case":"none","wrap":"pretty","color":"var(--color-foreground)","background":false,"background_color":"#00000026","corner_radius":0,"padding-block-start":0,"padding-block-end":0,"padding-inline-start":0,"padding-inline-end":0},"blocks":{}}},"block_order":["text_6rQYtf"]},"accordion_row_WyAjHK":{"type":"_accordion-row","settings":{"heading":"CARE & MAINTENANCE","open_by_default":false,"icon":"none","width":20},"blocks":{"text_UfENHV":{"type":"text","settings":{"text":"<p>To maintain the beauty and integrity of your purchase, we recommend treating it with care. Simple maintenance practices, such as gentle washing and proper storage, can effectively preserve the longevity of your favorites. We encourage you to refer to the care instructions included with each item, designed to help you keep your purchase in top condition.<\/p>","width":"100%","max_width":"normal","alignment":"left","type_preset":"rte","font":"var(--font-body--family)","font_size":"1rem","line_height":"normal","letter_spacing":"normal","case":"none","wrap":"pretty","color":"var(--color-foreground)","background":false,"background_color":"#00000026","corner_radius":0,"padding-block-start":0,"padding-block-end":0,"padding-inline-start":0,"padding-inline-end":0},"blocks":{}}},"block_order":["text_UfENHV"]},"accordion_row_WqyaKb":{"type":"_accordion-row","settings":{"heading":"SHIPPING & RETURNS","open_by_default":false,"icon":"none","width":20},"blocks":{"text_Jnpi3y":{"type":"text","settings":{"text":"<p>We strive to process and ship all orders in a timely manner, working diligently to ensure that your items are on their way to you as soon as possible. Need to return something? Just let us know. <\/p>","width":"100%","max_width":"normal","alignment":"left","type_preset":"rte","font":"var(--font-body--family)","font_size":"1rem","line_height":"normal","letter_spacing":"normal","case":"none","wrap":"pretty","color":"var(--color-foreground)","background":false,"background_color":"#00000026","corner_radius":0,"padding-block-start":0,"padding-block-end":0,"padding-inline-start":0,"padding-inline-end":0},"blocks":{}}},"block_order":["text_Jnpi3y"]}},"block_order":["accordion_row_xktep7","accordion_row_WyAjHK","accordion_row_WqyaKb"]}},"block_order":["group_xr9GGL","divider_grFKCP","product_description_8gHdXj","variant_picker_nhbWcG","buy_buttons_B7HMzq","accordion_jjaG39"]}},"block_order":["group_JtXipy"]}},"disabled":true,"settings":{"content_width":"content-center-aligned","desktop_media_position":"left","equal_columns":false,"limit_details_width":true,"gap":48,"color_scheme":"scheme-1","padding-block-start":50,"padding-block-end":20}},"smi_product_detail_3_1_gaPJnE":{"type":"smi-product-detail-3-1","blocks":{"product_breadcrumb_8MfVzR":{"type":"product_breadcrumb","settings":{"breadcrumb_top":false,"path_style":"arrow"}},"product_title_mUdqft":{"type":"product_title","settings":{"heading_size":"smi-h3"}},"product_price_CDgrMt":{"type":"product_price","settings":{"show_sale_badge":true,"show_shipping_notice":false}},"product_inventory_status_ET9Tkq":{"type":"product_inventory_status","settings":{"low_inventory_threshold":5,"show_inventory_count":true}},"product_sku_dYVbgF":{"type":"product_sku","settings":{}},"product_variant_6VpQ6C":{"type":"product_variant","settings":{"hide_sold_out_variant":false,"selector_type":"button","color_selector_type":"button"}},"shop_pay_installments_xPVDna":{"type":"shop_pay_installments","disabled":true,"settings":{}},"product_quantity_DMY8qf":{"type":"product_quantity","settings":{"display_in_buy_button_block":true}},"product_purchase_KmxpDE":{"type":"product_purchase","settings":{"show_dynamic_checkout":true,"show_recipient_information":false}},"product_description_UR8Cpq":{"type":"product_description","settings":{"collapse_desc":false,"show_desc_below":false,"icon":"box","icon_size":24,"collapse_heading":"Description","heading_size":"smi-h5"}},"product_collapse_content_xAFEGB":{"type":"product_collapse_content","settings":{"show_desc_below":false,"icon":"none","icon_size":24,"collapse_heading":"Material","heading_size":"smi-h5","collapse_content":"<p>A sweater is typically made of knitted fabric, often from wool, cotton, or synthetic fibers.<\/p>","collapse_content_page":""}},"product_collapse_content_eqLtc9":{"type":"product_collapse_content","settings":{"show_desc_below":false,"icon":"none","icon_size":24,"collapse_heading":"Features","heading_size":"smi-h5","collapse_content":"<p>A-line silhouette for a flattering fit on all body types.<br\/>V-neck design with adjustable straps for a custom fit.<br\/>Hidden back zipper for easy wear.<br\/>Suitable for weddings, evening parties, or formal events.<br\/>Handcrafted with attention to detail for a luxurious look.<\/p>","collapse_content_page":""}},"product_guaranteed_PNMqhp":{"type":"product_guaranteed","disabled":true,"settings":{"heading":"","image_width":320,"apply_media_style":true,"alignment":"center"}},"pickup_availability_aUeN6B":{"type":"pickup_availability","settings":{}},"product_text_aYwMBV":{"type":"product_text","settings":{"text":"<p>Orders typically ship within 1-2 business days.<br\/><br\/><\/p>"}},"product_share_UUK6B3":{"type":"product_share","settings":{"heading":"Share:","icon_style":"2","icon_size":16}},"color_cLtdqH":{"type":"color","settings":{"background_color":"#f8f8f8","background_gradient_color":"","text_color":"#000000","solid_background_button_color":"#000000","solid_button_label_color":"#ffffff","outline_button_color":"#000000","shadow_color":"#000000","sale_badge_background":"#ed2626","sale_badge_text":"#ffffff","sold_badge_background":"#888888","sold_badge_text":"#ffffff"}}},"block_order":["product_breadcrumb_8MfVzR","product_title_mUdqft","product_price_CDgrMt","product_inventory_status_ET9Tkq","product_sku_dYVbgF","product_variant_6VpQ6C","shop_pay_installments_xPVDna","product_quantity_DMY8qf","product_purchase_KmxpDE","product_description_UR8Cpq","product_collapse_content_xAFEGB","product_collapse_content_eqLtc9","product_guaranteed_PNMqhp","pickup_availability_aUeN6B","product_text_aYwMBV","product_share_UUK6B3","color_cLtdqH"],"name":"✧Product detail 3-1","settings":{"container_full_width":false,"enable_sticky_content_on_desktop":true,"desktop_media_width":"60","desktop_media_position":"left","constrain_media_to_screen_height":"none","desktop_layout":"left_thumbnails","image_zoom":"open-lightbox","hide_variants":false,"video_looping":false,"mobile_layout":"show_thumbnails","sticky_page_dot_style":"text-style-2","media_full_width":false,"color_scheme":"scheme_9","padding_top":80,"padding_bottom":50}},"marquee_NRketF":{"type":"marquee","blocks":{"text_Aaiz7h":{"type":"text","settings":{"text":"<p>We make things that work better and last longer.<\/p>","width":"fit-content","max_width":"normal","alignment":"left","type_preset":"custom","font":"var(--font-body--family)","font_size":"1rem","line_height":"tight","letter_spacing":"tight","case":"none","wrap":"nowrap","color":"var(--color-foreground)","background":false,"background_color":"#00000026","corner_radius":0,"padding-block-start":0,"padding-block-end":0,"padding-inline-start":0,"padding-inline-end":0},"blocks":{}}},"block_order":["text_Aaiz7h"],"name":"t:names.marquee_section","settings":{"movement_direction":"normal","color_scheme":"","padding-block-start":24,"padding-block-end":24,"gap_between_elements":24}},"media_with_content_kpQCTG":{"type":"media-with-content","blocks":{"media":{"type":"_media-without-appearance","static":true,"settings":{"media_type":"image","link":"","video_loop":true,"video_autoplay":false,"image_position":"cover","video_position":"cover"},"blocks":{}},"content":{"type":"_content-without-appearance","static":true,"settings":{"horizontal_alignment_flex_direction_column":"center","vertical_alignment_flex_direction_column":"center","gap":24},"blocks":{"text_jfYyLY":{"type":"text","name":"t:names.heading","settings":{"text":"<h2>Embracing small joys<\/h2>","width":"fit-content","max_width":"normal","alignment":"left","type_preset":"h3","font":"var(--font-primary--family)","font_size":"","line_height":"normal","letter_spacing":"normal","case":"none","wrap":"pretty","color":"","background":false,"background_color":"#00000026","corner_radius":0,"padding-block-start":20,"padding-block-end":0,"padding-inline-start":0,"padding-inline-end":0},"blocks":{}},"text_nnymP7":{"type":"text","settings":{"text":"<p>Each item is designed to blend harmoniously with your living space while adding a unique touch. We aspire to bring balance and enrichment to everyday life.<\/p>","width":"fit-content","max_width":"narrow","alignment":"left","type_preset":"rte","font":"var(--font-primary--family)","font_size":"","line_height":"normal","letter_spacing":"normal","case":"none","wrap":"pretty","color":"","background":false,"background_color":"#00000026","corner_radius":0,"padding-block-start":0,"padding-block-end":20,"padding-inline-start":0,"padding-inline-end":0},"blocks":{}}},"block_order":["text_jfYyLY","text_nnymP7"]}},"disabled":true,"name":"t:names.media_with_text","settings":{"media_position":"right","media_width":"medium","media_height":"60svh","section_width":"full-width","extend_media":true,"color_scheme":"scheme-2","padding-block-start":0,"padding-block-end":0}},"product-recommendations":{"type":"product-recommendations","blocks":{"header":{"type":"text","name":"t:names.header","settings":{"text":"<h3>You may also like<\/h3>","width":"100%","max_width":"normal","alignment":"left","type_preset":"h3","font":"var(--font-primary--family)","font_size":"","line_height":"normal","letter_spacing":"normal","case":"none","wrap":"pretty","color":"","background":false,"background_color":"#00000026","corner_radius":0,"padding-block-start":0,"padding-block-end":0,"padding-inline-start":0,"padding-inline-end":0},"blocks":{}},"static-product-card":{"type":"_product-card","name":"t:names.product_card","static":true,"settings":{"product_card_gap":16,"inherit_color_scheme":true,"color_scheme":"","border":"none","border_width":1,"border_opacity":100,"border_radius":0,"padding-block-start":0,"padding-block-end":0,"padding-inline-start":0,"padding-inline-end":0},"blocks":{"card-gallery":{"type":"_product-card-gallery","name":"t:names.product_card_media","settings":{"image_ratio":"square","border":"none","border_width":1,"border_opacity":100,"border_radius":0,"padding-block-start":0,"padding-block-end":0,"padding-inline-start":0,"padding-inline-end":0},"blocks":{}},"group":{"type":"_product-card-group","settings":{"link":"","open_in_new_tab":false,"content_direction":"column","vertical_on_mobile":true,"horizontal_alignment":"flex-start","vertical_alignment":"center","align_baseline":false,"horizontal_alignment_flex_direction_column":"center","vertical_alignment_flex_direction_column":"center","gap":4,"width":"fill","custom_width":100,"width_mobile":"fill","custom_width_mobile":100,"height":"fit","custom_height":100,"inherit_color_scheme":true,"color_scheme":"","background_media":"none","video_position":"cover","background_image_position":"cover","border":"none","border_width":1,"border_opacity":100,"border_radius":0,"toggle_overlay":false,"overlay_color":"#00000026","overlay_style":"solid","gradient_direction":"to top","padding-block-start":0,"padding-block-end":0,"padding-inline-start":0,"padding-inline-end":0},"blocks":{"product_title_AQqXJ9":{"type":"product-title","name":"t:names.product_title","settings":{"width":"fit-content","max_width":"normal","alignment":"left","type_preset":"h5","font":"var(--font-body--family)","font_size":"1rem","line_height":"normal","letter_spacing":"normal","case":"none","wrap":"pretty","color":"var(--color-foreground)","background":false,"background_color":"#00000026","corner_radius":0,"padding-block-start":0,"padding-block-end":0,"padding-inline-start":0,"padding-inline-end":0},"blocks":{}},"price":{"type":"price","settings":{"show_sale_price_first":true,"show_installments":false,"show_tax_info":false,"type_preset":"paragraph","width":"100%","alignment":"center","font":"var(--font-body--family)","font_size":"1rem","line_height":"normal","letter_spacing":"normal","case":"none","color":"var(--color-foreground)","padding-block-start":0,"padding-block-end":0,"padding-inline-start":0,"padding-inline-end":0},"blocks":{}}},"block_order":["product_title_AQqXJ9","price"]}},"block_order":["card-gallery","group"]}},"block_order":["header"],"settings":{"product":"{{ closest.product }}","recommendation_type":"related","layout_type":"grid","carousel_on_mobile":false,"max_products":4,"columns":4,"mobile_columns":"2","columns_gap":12,"rows_gap":36,"icons_style":"arrow","icons_shape":"none","section_width":"page-width","gap":28,"color_scheme":"scheme-1","padding-block-start":48,"padding-block-end":48}}},"order":["main","smi_product_detail_3_1_gaPJnE","marquee_NRketF","media_with_content_kpQCTG","product-recommendations"]}